Player, Nation, Position, Team, League, Age, YearBorn, MatchesPlayed, Starts, Mins, 90s, GoalsAgainst,GoalsAgainst90, ShotsOnTargetAgainst, Saves,Save%,W,D,L,CleanSheet, CleanSheet%, PKatt,PKAllowed,PKSaved,PKMissed,PKSave%
"Julen Agirrezabala","esESP","GK","Athletic Club","esLa Liga","20","2000","4","4","360","4.0","5","1.25","20","15","75.0","1","2","1","1","25.0","0","0","0","0","",
"Doğan Alemdar","trTUR","GK","Rennes","frLigue 1","18","2002","12","12","1,080","12.0","13","1.08","36","22","66.7","6","1","5","4","33.3","2","1","1","0","50.0",
"Alisson","brBRA","GK","Liverpool","engPremier League","28","1992","36","36","3,240","36.0","24","0.67","99","76","75.8","27","7","2","20","55.6","0","0","0","0","",
"Alphonse Areola","frFRA","GK","West Ham","engPremier League","28","1993","1","1","90","1.0","1","1.00","3","2","66.7","0","0","1","0","0.0","0","0","0","0","",
"Kepa Arrizabalaga","esESP","GK","Chelsea","engPremier League","26","1994","4","4","360","4.0","2","0.50","13","11","84.6","2","1","1","2","50.0","0","0","0","0","",
"Sergio Asenjo","esESP","GK","Villarreal","esLa Liga","32","1989","6","6","540","6.0","9","1.50","28","19","71.4","2","2","2","0","0.0","1","1","0","0","0.0",
"Emil Audero","idIDN","GK","Sampdoria","itSerie A","24","1997","29","29","2,560","28.4","48","1.69","130","82","63.8","8","5","16","5","17.2","2","1","1","0","50.0",
"Daniel Bachmann","atAUT","GK","Watford","engPremier League","27","1994","12","12","1,080","12.0","28","2.33","72","46","65.3","1","0","11","0","0.0","3","3","0","0","0.0",
"Édgar Badía","esESP","GK","Elche","esLa Liga","29","1992","24","24","2,160","24.0","35","1.46","114","78","75.4","8","5","11","5","20.8","9","7","1","1","12.5",
"Nicola Bagnolini","itITA","GK","Bologna","itSerie A","17","2004","1","0","3","0.0","0","0.00","1","1","100.0","0","0","0","1","","0","0","0","0","",
"Stefan Bajic","frFRA","GK","Saint-Étienne","frLigue 1","19","2001","7","4","510","5.7","13","2.29","29","16","62.1","0","1","3","0","0.0","2","2","0","0","0.0",
"Francesco Bardi","itITA","GK","Bologna","itSerie A","29","1992","2","2","177","2.0","2","1.02","9","7","77.8","1","1","0","0","0.0","0","0","0","0","",
"Oliver Baumann","deGER","GK","Hoffenheim","deBundesliga","31","1990","33","33","2,970","33.0","57","1.73","155","98","64.5","12","7","14","8","24.2","4","2","1","1","33.3",
"Asmir Begović","baBIH","GK","Everton","engPremier League","34","1987","3","3","270","3.0","8","2.67","18","11","61.1","1","0","2","1","33.3","1","1","0","0","0.0",
"Vid Belec","siSVN","GK","Salernitana","itSerie A","31","1990","23","21","1,938","21.5","49","2.28","135","87","65.9","3","2","16","1","4.8","5","3","1","1","25.0",
"Walter Benítez","arARG","GK","Nice","frLigue 1","28","1993","37","37","3,330","37.0","35","0.95","141","105","78.0","20","7","10","14","37.8","5","4","1","0","20.0",
"Alessandro Berardi","itITA","GK","Hellas Verona","itSerie A","30","1991","1","1","90","1.0","3","3.00","7","4","57.1","0","1","0","0","0.0","0","0","0","0","",
"Etrit Berisha","alALB","GK","Torino","itSerie A","32","1989","10","10","900","10.0","8","0.80","41","32","85.4","3","4","3","4","40.0","3","2","1","0","33.3",
"Paul Bernardoni","frFRA","GK","Angers","frLigue 1","24","1997","13","13","1,170","13.0","19","1.46","46","27","65.2","4","5","4","4","30.8","3","3","0","0","0.0",
"Paul Bernardoni","frFRA","GK","Saint-Étienne","frLigue 1","24","1997","19","19","1,710","19.0","37","1.95","93","58","65.6","5","5","9","3","15.8","5","5","0","0","0.0",
"Dimitry Bertaud","cdCOD","GK","Montpellier","frLigue 1","23","1998","11","9","833","9.3","20","2.16","57","37","68.4","2","3","4","2","22.2","2","2","0","0","0.0",
"Marco Bizot","nlNED","GK","Brest","frLigue 1","30","1991","38","38","3,420","38.0","57","1.50","170","115","68.8","13","9","16","7","18.4","4","4","0","0","0.0",
"Yassine Bounou","maMAR","GK","Sevilla","esLa Liga","30","1991","31","31","2,790","31.0","24","0.77","100","75","78.0","14","13","4","13","41.9","4","2","1","1","33.3",
"Claudio Bravo","clCHI","GK","Betis","esLa Liga","38","1983","17","17","1,456","16.2","19","1.17","56","39","67.9","8","4","5","5","29.4","1","1","0","0","0.0",
"Fabian Bredlow","deGER","GK","Stuttgart","deBundesliga","26","1995","4","4","360","4.0","7","1.75","24","17","70.8","0","2","2","0","0.0","0","0","0","0","",
"Sascha Burchert","deGER","GK","Greuther Fürth","deBundesliga","31","1989","14","14","1,260","14.0","28","2.00","72","46","65.3","2","4","8","3","21.4","3","3","0","0","0.0",
"Roman Bürki","chSUI","GK","Dortmund","deBundesliga","30","1990","1","1","90","1.0","1","1.00","1","0","100.0","1","0","0","0","0.0","1","1","0","0","0.0",
"Jack Butland","engENG","GK","Crystal Palace","engPremier League","28","1993","9","8","765","8.5","13","1.53","28","16","53.6","2","4","2","1","12.5","1","0","1","0","100.0",
"Marcin Bułka","plPOL","GK","Nice","frLigue 1","21","1999","1","1","90","1.0","1","1.00","5","4","80.0","0","0","1","0","0.0","0","0","0","0","",
"Willy Caballero","arARG","GK","Southampton","engPremier League","39","1981","2","2","180","2.0","5","2.50","11","6","54.5","0","1","1","0","0.0","0","0","0","0","",
"Marc-Aurèle Caillard","frFRA","GK","Metz","frLigue 1","27","1994","19","17","1,542","17.1","30","1.75","87","57","67.8","4","5","8","5","29.4","2","2","0","0","0.0",
"Dani Cárdenas","esESP","GK","Levante","esLa Liga","24","1997","24","24","2,160","24.0","46","1.92","120","74","65.0","6","6","12","5","20.8","4","4","0","0","0.0",
"Kiko Casilla","esESP","GK","Elche","esLa Liga","34","1986","14","14","1,260","14.0","17","1.21","60","43","71.7","3","4","7","3","21.4","0","0","0","0","",
"Koen Casteels","beBEL","GK","Wolfsburg","deBundesliga","29","1992","28","28","2,520","28.0","40","1.43","118","76","68.6","11","6","11","10","35.7","6","3","2","1","40.0",
"Jasper Cillessen","nlNED","GK","Valencia","esLa Liga","32","1989","17","17","1,457","16.2","29","1.79","77","49","68.8","4","8","5","3","17.6","6","5","1","0","16.7",
"Diego Conde","esESP","GK","Getafe","esLa Liga","22","1998","1","0","6","0.1","0","0.00","0","0","","0","0","0","1","","0","0","0","0","",
"Andrea Consigli","itITA","GK","Sassuolo","itSerie A","34","1987","37","37","3,322","36.9","63","1.71","171","108","67.8","13","11","13","3","8.1","9","8","1","0","11.1",
"Benoît Costil","frFRA","GK","Bordeaux","frLigue 1","34","1987","25","25","2,250","25.0","62","2.48","133","72","57.1","3","8","14","0","0.0","5","5","0","0","0.0",
"Thibaut Courtois","beBEL","GK","Real Madrid","esLa Liga","29","1992","36","36","3,240","36.0","29","0.81","120","91","77.5","26","7","3","16","44.4","3","2","1","0","33.3",
"Alessio Cragno","itITA","GK","Cagliari","itSerie A","27","1994","35","35","3,150","35.0","63","1.80","168","104","66.1","6","10","19","2","5.7","8","6","2","0","25.0",
"Finn Dahmen","deGER","GK","Mainz 05","deBundesliga","23","1998","2","2","180","2.0","3","1.50","5","2","60.0","1","1","0","0","0.0","1","1","0","0","0.0",
"Karl Darlow","wlsWAL","GK","Newcastle Utd","engPremier League","30","1990","8","8","720","8.0","15","1.87","37","23","64.9","0","5","3","0","0.0","2","2","0","0","0.0",
"Arthur Desmas","frFRA","GK","Clermont Foot","frLigue 1","27","1994","15","15","1,304","14.5","33","2.28","66","34","54.5","3","5","7","3","20.0","3","3","0","0","0.0",
"Javier Díaz","esESP","GK","Sevilla","esLa Liga","24","1997","1","1","90","1.0","1","1.00","2","1","50.0","0","1","0","0","0.0","0","0","0","0","",
"Stole Dimitrievski","mkMKD","GK","Rayo Vallecano","esLa Liga","27","1993","31","30","2,772","30.8","37","1.20","126","88","76.2","11","8","11","9","30.0","9","7","2","0","22.2",
"Matías Dituro","arARG","GK","Celta Vigo","esLa Liga","34","1987","38","38","3,420","38.0","43","1.13","136","91","71.3","12","10","16","14","36.8","8","4","4","0","50.0",
"Ouparine Djoco","gwGNB","GK","Clermont Foot","frLigue 1","23","1998","24","23","2,116","23.5","36","1.53","99","65","65.7","6","4","13","5","21.7","2","2","0","0","0.0",
"Marko Dmitrović","rsSRB","GK","Sevilla","esLa Liga","29","1992","6","6","540","6.0","5","0.83","19","14","73.7","4","2","0","4","66.7","0","0","0","0","",
"Jaume Doménech","esESP","GK","Valencia","esLa Liga","30","1990","4","3","343","3.8","4","1.05","11","8","63.6","2","0","1","1","33.3","0","0","0","0","",
"Gianluigi Donnarumma","itITA","GK","Paris S-G","frLigue 1","22","1999","17","17","1,530","17.0","17","1.00","61","45","73.8","13","2","2","5","29.4","1","1","0","0","0.0",
"Bartłomiej Drągowski","plPOL","GK","Fiorentina","itSerie A","23","1997","7","7","556","6.2","8","1.29","26","17","73.1","3","0","4","2","28.6","2","1","1","0","50.0",
"Matthieu Dreyer","frFRA","GK","Lorient","frLigue 1","32","1989","16","16","1,440","16.0","25","1.56","57","32","57.9","5","4","7","7","43.8","1","1","0","0","0.0",
"Martin Dúbravka","skSVK","GK","Newcastle Utd","engPremier League","32","1989","26","26","2,340","26.0","35","1.35","106","72","67.9","13","4","9","8","30.8","1","1","0","0","0.0",
"Ederson","brBRA","GK","Manchester City","engPremier League","27","1993","37","37","3,330","37.0","26","0.70","83","57","69.9","28","6","3","20","54.1","1","1","0","0","0.0",
"Aarón Escandell","esESP","GK","Granada","esLa Liga","25","1995","4","3","284","3.2","6","1.90","16","10","75.0","0","2","1","1","33.3","2","2","0","0","0.0",
"Michael Esser","deGER","GK","Bochum","deBundesliga","33","1987","3","3","270","3.0","7","2.33","21","14","76.2","2","0","1","0","0.0","2","2","0","0","0.0",
"Łukasz Fabiański","plPOL","GK","West Ham","engPremier League","36","1985","37","37","3,330","37.0","50","1.35","162","111","70.4","16","8","13","8","21.6","6","2","3","1","60.0",
"Wladimiro Falcone","itITA","GK","Sampdoria","itSerie A","26","1995","10","9","855","9.5","14","1.47","54","41","75.9","2","1","6","2","22.2","1","1","0","0","0.0",
"Wuilker Faríñez","veVEN","GK","Lens","frLigue 1","23","1998","13","11","1,105","12.3","15","1.22","45","30","68.9","7","3","1","3","27.3","1","1","0","0","0.0",
"Aitor Fernández","esESP","GK","Levante","esLa Liga","30","1991","13","13","1,166","13.0","29","2.24","81","51","65.4","1","5","7","2","15.4","2","1","1","0","50.0",
"Álvaro Fernández","esESP","GK","Brentford","engPremier League","23","1998","12","12","1,080","12.0","24","2.00","69","47","66.7","3","2","7","1","8.3","1","1","0","0","0.0",
"Vincenzo Fiorillo","itITA","GK","Salernitana","itSerie A","31","1990","1","1","90","1.0","5","5.00","8","3","37.5","0","0","1","0","0.0","0","0","0","0","",
"Mark Flekken","nlNED","GK","Freiburg","deBundesliga","28","1993","32","32","2,880","32.0","39","1.22","141","103","73.8","15","9","8","10","31.3","2","2","0","0","0.0",
"Fraser Forster","engENG","GK","Southampton","engPremier League","33","1988","19","19","1,710","19.0","35","1.84","101","68","67.3","6","5","8","3","15.8","2","2","0","0","0.0",
"Ben Foster","engENG","GK","Watford","engPremier League","38","1983","26","26","2,340","26.0","49","1.88","116","67","60.3","5","5","16","4","15.4","4","3","1","0","25.0",
"Christian Früchtl","deGER","GK","Bayern Munich","deBundesliga","21","2000","1","0","10","0.1","0","0.00","0","0","","0","0","0","0","","0","0","0","0","",
"Marius Funk","deGER","GK","Greuther Fürth","deBundesliga","25","1996","8","8","720","8.0","30","3.75","54","26","48.1","0","0","8","0","0.0","2","2","0","0","0.0",
"Gauthier Gallon","frFRA","GK","Troyes","frLigue 1","28","1993","31","31","2,790","31.0","45","1.45","135","92","72.6","8","8","15","8","25.8","8","8","0","0","0.0",
"Joan García","esESP","GK","Espanyol","esLa Liga","20","2001","2","1","108","1.2","3","2.50","3","0","0.0","0","0","1","0","0.0","0","0","0","0","",
"David de Gea","esESP","GK","Manchester Utd","engPremier League","30","1990","38","38","3,420","38.0","57","1.50","180","124","70.0","16","10","12","8","21.1","5","3","2","0","40.0",
"Luca Gemello","itITA","GK","Torino","itSerie A","21","2000","1","1","90","1.0","0","0.00","3","3","100.0","1","0","0","1","100.0","0","0","0","0","",
"Rafał Gikiewicz","plPOL","GK","Augsburg","deBundesliga","33","1987","34","34","3,060","34.0","56","1.65","156","102","67.3","10","8","16","9","26.5","5","5","0","0","0.0",
"Alfred Gomis","snSEN","GK","Rennes","frLigue 1","27","1993","25","25","2,250","25.0","25","1.00","67","43","68.7","14","5","6","10","40.0","4","4","0","0","0.0",
"Jens Grahl","deGER","GK","Eint Frankfurt","deBundesliga","32","1988","1","1","90","1.0","2","2.00","4","2","50.0","0","0","1","0","0.0","0","0","0","0","",
"Ivo Grbić","hrCRO","GK","Lille","frLigue 1","25","1996","21","21","1,890","21.0","28","1.33","85","58","69.4","8","7","6","2","9.5","2","2","0","0","0.0",
"Etienne Green","engENG","GK","Saint-Étienne","frLigue 1","21","2000","15","15","1,197","13.3","27","2.03","67","42","61.2","2","5","8","1","6.7","1","1","0","0","0.0",
"Dominik Greif","skSVK","GK","Mallorca","esLa Liga","24","1997","1","1","90","1.0","3","3.00","6","3","50.0","0","0","1","0","0.0","0","0","0","0","",
"Lennart Grill","deGER","GK","Leverkusen","deBundesliga","22","1999","1","1","90","1.0","2","2.00","6","5","66.7","1","0","0","0","0.0","0","0","0","0","",
"Vicente Guaita","esESP","GK","Crystal Palace","engPremier League","34","1987","30","30","2,655","29.5","33","1.12","116","83","74.1","9","11","10","11","36.7","3","3","0","0","0.0",
"Péter Gulácsi","huHUN","GK","RB Leipzig","deBundesliga","31","1990","33","33","2,967","33.0","34","1.03","111","78","72.1","17","7","9","9","27.3","3","3","0","0","0.0",
"Angus Gunn","sctSCO","GK","Norwich City","engPremier League","25","1996","9","9","810","9.0","22","2.44","57","34","64.9","1","2","6","1","11.1","4","2","1","1","33.3",
"Samir Handanović","siSVN","GK","Inter","itSerie A","37","1984","37","37","3,330","37.0","30","0.81","124","95","79.0","25","9","3","15","40.5","4","4","0","0","0.0",
"Wayne Hennessey","wlsWAL","GK","Burnley","engPremier League","34","1987","2","2","180","2.0","6","3.00","13","8","53.8","0","0","2","0","0.0","0","0","0","0","",
"Sergio Herrera","esESP","GK","Osasuna","esLa Liga","28","1993","36","36","3,240","36.0","48","1.33","147","97","70.1","12","10","14","12","33.3","7","4","3","0","42.9",
"Marwin Hitz","chSUI","GK","Dortmund","deBundesliga","33","1987","5","4","405","4.5","12","2.67","25","13","60.0","1","0","3","0","0.0","2","2","0","0","0.0",
"Timo Horn","deGER","GK","Köln","deBundesliga","28","1993","13","13","1,170","13.0","21","1.62","56","36","62.5","4","6","3","1","7.7","0","0","0","0","",
"Lukáš Hrádecký","fiFIN","GK","Leverkusen","deBundesliga","31","1989","32","32","2,880","32.0","44","1.37","154","109","72.7","17","7","8","8","25.0","4","2","1","1","33.3",
"Léo Jardim","brBRA","GK","Lille","frLigue 1","26","1995","17","17","1,530","17.0","20","1.18","66","47","75.8","6","6","5","8","47.1","4","4","0","0","0.0",
"Stefanos Kapino","grGRE","GK","Arminia","deBundesliga","27","1994","1","1","90","1.0","0","0.00","4","4","100.0","1","0","0","1","100.0","0","0","0","0","",
"Eiji Kawashima","jpJPN","GK","Strasbourg","frLigue 1","38","1983","1","1","90","1.0","0","0.00","1","1","100.0","1","0","0","1","100.0","0","0","0","0","",
"Caoimhín Kelleher","ieIRL","GK","Liverpool","engPremier League","22","1998","2","2","180","2.0","2","1.00","8","6","75.0","1","1","0","1","50.0","0","0","0","0","",
"Kristoffer Klaesson","noNOR","GK","Leeds United","engPremier League","20","2000","1","0","36","0.4","0","0.00","4","4","100.0","0","0","0","0","","0","0","0","0","",
"Gregor Kobel","chSUI","GK","Dortmund","deBundesliga","23","1997","29","29","2,565","28.5","39","1.37","110","73","67.3","20","3","6","7","24.1","3","3","0","0","0.0",
"Tim Krul","nlNED","GK","Norwich City","engPremier League","33","1988","29","29","2,610","29.0","62","2.14","165","105","66.7","4","5","20","5","17.2","8","7","0","1","0.0",
"Alban Lafont","ciCIV","GK","Nantes","frLigue 1","22","1999","38","38","3,420","38.0","48","1.26","155","105","71.6","15","10","13","8","21.1","7","4","3","0","42.9",
"Jean-Louis Leca","frFRA","GK","Lens","frLigue 1","35","1985","27","27","2,313","25.7","33","1.28","100","66","70.0","10","8","9","5","18.5","4","3","1","0","25.0",
"Jeremías Ledesma","arARG","GK","Cádiz","esLa Liga","28","1993","38","38","3,420","38.0","51","1.34","170","117","76.5","8","15","15","13","34.2","13","11","2","0","15.4",
"Bernd Leno","deGER","GK","Arsenal","engPremier League","29","1992","4","4","360","4.0","9","2.25","19","10","52.6","1","0","3","1","25.0","0","0","0","0","",
"Alexandre Letellier","frFRA","GK","Paris S-G","frLigue 1","30","1990","1","0","8","0.1","0","0.00","0","0","","0","0","0","1","","0","0","0","0","",
"Luca Lezzerini","itITA","GK","Venezia","itSerie A","26","1995","6","6","495","5.5","9","1.64","39","30","76.9","2","1","3","0","0.0","0","0","0","0","",
"Andreas Linde","seSWE","GK","Greuther Fürth","deBundesliga","28","1993","12","12","1,080","12.0","24","2.00","62","39","62.9","1","5","6","3","25.0","1","1","0","0","0.0",
"Hugo Lloris","frFRA","GK","Tottenham","engPremier League","34","1986","38","38","3,420","38.0","40","1.05","137","98","72.3","22","5","11","16","42.1","2","2","0","0","0.0",
"Anthony Lopes","ptPOR","GK","Lyon","frLigue 1","30","1990","34","34","2,982","33.1","45","1.36","148","105","71.6","14","11","9","8","23.5","4","3","1","0","25.0",
"Diego López","esESP","GK","Espanyol","esLa Liga","39","1981","36","36","3,177","35.3","49","1.39","157","110","70.7","10","12","14","9","25.0","4","3","0","1","0.0",
"Pau López","esESP","GK","Marseille","frLigue 1","26","1994","29","29","2,610","29.0","31","1.07","86","55","68.6","15","6","8","10","34.5","4","4","0","0","0.0",
"Jonas Lössl","dkDEN","GK","Brentford","engPremier League","32","1989","2","2","180","2.0","5","2.50","7","2","28.6","0","0","2","0","0.0","0","0","0","0","",
"Marcel Lotka","plPOL","GK","Hertha BSC","deBundesliga","20","2001","10","9","885","9.8","20","2.03","49","29","65.3","2","1","6","2","22.2","3","3","0","0","0.0",
"Andriy Lunin","uaUKR","GK","Real Madrid","esLa Liga","22","1999","2","2","180","2.0","2","1.00","9","6","88.9","0","1","1","0","0.0","2","1","1","0","50.0",
"Andrey Lunyov","ruRUS","GK","Leverkusen","deBundesliga","29","1991","1","1","90","1.0","1","1.00","2","1","50.0","1","0","0","0","0.0","0","0","0","0","",
"Andreas Luthe","deGER","GK","Union Berlin","deBundesliga","34","1987","27","27","2,430","27.0","39","1.44","104","68","64.4","11","7","9","6","22.2","2","2","0","0","0.0",
"Niki Mäenpää","fiFIN","GK","Venezia","itSerie A","36","1985","17","16","1,485","16.5","27","1.64","84","57","73.8","1","4","11","1","6.3","6","5","0","1","0.0",
"Mike Maignan","frFRA","GK","Milan","itSerie A","26","1995","32","32","2,880","32.0","21","0.66","101","81","81.2","22","7","3","17","53.1","2","2","0","0","0.0",
"Giorgi Mamardashvili","geGEO","GK","Valencia","esLa Liga","20","2000","18","18","1,620","18.0","20","1.11","75","55","76.0","5","7","6","8","44.4","2","2","0","0","0.0",
"Steve Mandanda","frFRA","GK","Marseille","frLigue 1","36","1985","9","9","810","9.0","7","0.78","26","20","73.1","6","2","1","5","55.6","0","0","0","0","",
"Anthony Mandrea","dzALG","GK","Angers","frLigue 1","24","1996","10","10","900","10.0","14","1.40","44","31","68.2","3","3","4","2","20.0","0","0","0","0","",
"Davide Marfella","itITA","GK","Napoli","itSerie A","21","1999","1","0","11","0.1","0","0.00","1","1","100.0","0","0","0","1","","0","0","0","0","",
"Emiliano Martínez","arARG","GK","Aston Villa","engPremier League","28","1992","36","36","3,240","36.0","48","1.33","140","93","68.6","13","6","17","11","30.6","6","4","1","1","20.0",
"Josep Martinez","esESP","GK","RB Leipzig","deBundesliga","23","1998","1","1","90","1.0","3","3.00","4","1","25.0","0","0","1","0","0.0","0","0","0","0","",
"Luís Maximiano","ptPOR","GK","Granada","esLa Liga","22","1999","35","35","3,136","34.8","55","1.58","177","122","71.8","8","12","15","7","20.0","7","5","2","0","28.6",
"Alex McCarthy","engENG","GK","Southampton","engPremier League","31","1989","17","17","1,530","17.0","27","1.59","71","44","62.0","3","7","7","5","29.4","0","0","0","0","",
"Edouard Mendy","snSEN","GK","Chelsea","engPremier League","29","1992","34","34","3,060","34.0","31","0.91","102","72","75.5","19","10","5","14","41.2","6","6","0","0","0.0",
"Alex Meret","itITA","GK","Napoli","itSerie A","24","1997","7","7","619","6.9","6","0.87","29","23","79.3","5","1","1","2","28.6","0","0","0","0","",
"Illan Meslier","frFRA","GK","Leeds United","engPremier League","21","2000","38","38","3,384","37.6","79","2.10","220","142","66.4","9","11","18","5","13.2","5","5","0","0","0.0",
"Vanja Milinković-Savić","rsSRB","GK","Torino","itSerie A","24","1997","27","27","2,430","27.0","33","1.22","80","46","67.5","9","7","11","4","14.8","8","7","1","0","12.5",
"Lorenzo Montipò","itITA","GK","Hellas Verona","itSerie A","25","1996","34","34","3,060","34.0","50","1.47","137","88","65.0","13","10","11","4","11.8","3","2","1","0","33.3",
"Jessy Moulin","frFRA","GK","Troyes","frLigue 1","35","1986","7","7","630","7.0","8","1.14","24","16","75.0","1","3","3","1","14.3","2","2","0","0","0.0",
"Florian Müller","deGER","GK","Stuttgart","deBundesliga","23","1997","30","30","2,700","30.0","52","1.73","139","88","65.5","7","10","13","4","13.3","4","4","0","0","0.0",
"Juan Musso","arARG","GK","Atalanta","itSerie A","27","1994","33","33","2,932","32.6","42","1.29","119","80","67.2","16","8","9","8","24.2","4","3","0","1","0.0",
"Paul Nardi","frFRA","GK","Lorient","frLigue 1","27","1994","22","22","1,980","22.0","38","1.73","91","56","62.6","3","8","11","4","18.2","5","4","0","1","0.0",
"Keylor Navas","crCRC","GK","Paris S-G","frLigue 1","34","1986","21","21","1,856","20.6","18","0.87","78","60","79.5","13","6","2","7","33.3","2","2","0","0","0.0",
"Neto","brBRA","GK","Barcelona","esLa Liga","32","1989","3","3","270","3.0","4","1.33","14","10","71.4","2","1","0","0","0.0","0","0","0","0","",
"Manuel Neuer","deGER","GK","Bayern Munich","deBundesliga","35","1986","28","28","2,510","27.9","26","0.93","89","63","71.9","22","4","2","10","35.7","1","1","0","0","0.0",
"Alexander Nübel","deGER","GK","Monaco","frLigue 1","24","1996","38","38","3,420","38.0","40","1.05","141","104","77.3","20","9","9","11","28.9","9","8","0","1","0.0",
"Jan Oblak","siSVN","GK","Atlético Madrid","esLa Liga","28","1993","38","38","3,420","38.0","43","1.13","106","65","66.0","21","8","9","12","31.6","8","7","1","0","12.5",
"Oier Olazábal","esESP","GK","Espanyol","esLa Liga","31","1989","2","1","135","1.5","1","0.67","9","8","100.0","0","0","1","1","100.0","1","1","0","0","0.0",
"Robin Olsen","seSWE","GK","Aston Villa","engPremier League","31","1990","1","1","90","1.0","3","3.00","5","2","40.0","0","0","1","0","0.0","0","0","0","0","",
"Jonas Omlin","chSUI","GK","Montpellier","frLigue 1","27","1994","29","29","2,587","28.7","41","1.43","158","117","75.9","10","4","15","8","27.6","4","3","1","0","25.0",
"Stefan Ortega","deGER","GK","Arminia","deBundesliga","28","1992","33","33","2,970","33.0","53","1.61","176","125","73.9","4","13","16","6","18.2","7","7","0","0","0.0",
"David Ospina","coCOL","GK","Napoli","itSerie A","32","1988","31","31","2,790","31.0","25","0.81","106","82","77.4","19","6","6","13","41.9","1","1","0","0","0.0",
"Alexandre Oukidja","dzALG","GK","Metz","frLigue 1","33","1988","21","21","1,875","20.8","39","1.87","91","54","60.4","2","8","11","3","14.3","3","3","0","0","0.0",
"Jesús Owono","gqEQG","GK","Alavés","esLa Liga","20","2001","1","1","90","1.0","1","1.00","4","3","75.0","0","1","0","0","0.0","0","0","0","0","",
"Fernando Pacheco","esESP","GK","Alavés","esLa Liga","29","1992","34","34","3,053","33.9","60","1.77","148","85","62.8","8","5","21","5","14.7","8","5","3","0","37.5",
"Daniele Padelli","itITA","GK","Udinese","itSerie A","35","1985","3","3","270","3.0","8","2.67","21","13","61.9","1","0","2","1","33.3","0","0","0","0","",
"Ivor Pandur","hrCRO","GK","Hellas Verona","itSerie A","21","2000","3","3","270","3.0","6","2.00","15","9","66.7","1","0","2","0","0.0","1","1","0","0","0.0",
"Rui Patrício","ptPOR","GK","Roma","itSerie A","33","1988","38","38","3,420","38.0","43","1.13","146","104","74.0","18","9","11","15","39.5","6","5","1","0","16.7",
"Gianluca Pegolo","itITA","GK","Sassuolo","itSerie A","40","1981","1","1","90","1.0","3","3.00","5","2","40.0","0","0","1","0","0.0","0","0","0","0","",
"Philipp Pentke","deGER","GK","Hoffenheim","deBundesliga","36","1985","1","1","90","1.0","3","3.00","7","4","57.1","1","0","0","0","0.0","0","0","0","0","",
"Juan Pérez","esESP","GK","Osasuna","esLa Liga","25","1996","2","2","180","2.0","3","1.50","4","2","25.0","0","1","1","0","0.0","0","0","0","0","",
"Mattia Perin","itITA","GK","Juventus","itSerie A","28","1992","5","5","405","4.5","7","1.56","16","10","56.3","2","1","2","1","20.0","0","0","0","0","",
"Pavao Pervan","atAUT","GK","Wolfsburg","deBundesliga","33","1987","6","6","540","6.0","14","2.33","38","25","65.8","1","0","5","1","16.7","1","1","0","0","0.0",
"Danijel Petković","meMNE","GK","Angers","frLigue 1","28","1993","15","15","1,350","15.0","22","1.47","65","45","69.2","3","3","9","2","13.3","2","2","0","0","0.0",
"Jordan Pickford","engENG","GK","Everton","engPremier League","27","1994","35","35","3,150","35.0","58","1.66","170","116","66.5","10","6","19","7","20.0","1","1","0","0","0.0",
"Carlo Pinsoglio","itITA","GK","Juventus","itSerie A","31","1990","1","0","45","0.5","1","2.00","2","1","100.0","0","0","0","0","","1","1","0","0","0.0",
"Julian Pollersbeck","deGER","GK","Lyon","frLigue 1","26","1994","6","4","436","4.8","6","1.24","25","19","92.0","3","0","1","1","25.0","4","4","0","0","0.0",
"Nick Pope","engENG","GK","Burnley","engPremier League","29","1992","36","36","3,240","36.0","47","1.31","165","119","74.5","7","14","15","9","25.0","5","5","0","0","0.0",
"Gaëtan Poussin","frFRA","GK","Bordeaux","frLigue 1","22","1999","13","13","1,170","13.0","29","2.23","61","32","55.7","3","5","5","2","15.4","4","2","2","0","50.0",
"Alejandro Primo","esESP","GK","Levante","esLa Liga","17","2004","1","1","90","1.0","1","1.00","2","1","50.0","1","0","0","0","0.0","0","0","0","0","",
"Ivan Provedel","itITA","GK","Spezia","itSerie A","27","1994","31","31","2,761","30.7","52","1.70","165","116","73.9","9","5","17","7","22.6","11","9","0","2","0.0",
"Ionuț Radu","roROU","GK","Inter","itSerie A","24","1997","1","1","90","1.0","2","2.00","3","1","33.3","0","0","1","0","0.0","0","0","0","0","",
"Boris Radunović","rsSRB","GK","Cagliari","itSerie A","25","1996","3","3","270","3.0","5","1.67","17","11","76.5","0","2","1","1","33.3","2","1","1","0","50.0",
"Predrag Rajković","rsSRB","GK","Reims","frLigue 1","25","1995","38","38","3,420","38.0","44","1.16","161","116","75.8","11","13","14","11","28.9","7","5","1","1","16.7",
"Diant Ramaj","deGER","GK","Eint Frankfurt","deBundesliga","19","2001","1","1","90","1.0","1","1.00","4","3","75.0","0","1","0","0","0.0","0","0","0","0","",
"Aaron Ramsdale","engENG","GK","Arsenal","engPremier League","23","1998","34","34","3,060","34.0","39","1.15","128","90","73.4","21","3","10","12","35.3","6","5","0","1","0.0",
"Nicola Ravaglia","itITA","GK","Sampdoria","itSerie A","32","1988","1","0","5","0.1","1","18.00","1","0","100.0","0","0","0","0","","1","1","0","0","0.0",
"David Raya","esESP","GK","Brentford","engPremier League","25","1995","24","24","2,160","24.0","27","1.13","103","76","77.7","10","5","9","8","33.3","4","4","0","0","0.0",
"Manolo Reina","esESP","GK","Mallorca","esLa Liga","36","1985","21","21","1,890","21.0","26","1.24","75","49","68.0","6","9","6","8","38.1","3","2","1","0","33.3",
"Pepe Reina","esESP","GK","Lazio","itSerie A","38","1982","15","15","1,350","15.0","29","1.93","60","31","58.3","6","4","5","2","13.3","5","4","0","1","0.0",
"Álex Remiro","esESP","GK","Real Sociedad","esLa Liga","26","1995","35","35","3,150","35.0","32","0.91","112","79","75.0","15","11","9","19","54.3","5","4","1","0","20.0",
"Sergio Rico","esESP","GK","Mallorca","esLa Liga","27","1993","14","14","1,260","14.0","29","2.07","57","29","54.4","4","0","10","1","7.1","4","3","1","0","25.0",
"Sergio Rico","esESP","GK","Paris S-G","frLigue 1","27","1993","1","0","23","0.3","1","3.91","3","2","66.7","0","0","0","0","","0","0","0","0","",
"Manuel Riemann","deGER","GK","Bochum","deBundesliga","32","1988","31","31","2,790","31.0","45","1.45","155","112","72.9","10","6","15","7","22.6","6","3","2","1","40.0",
"Leo Román","esESP","GK","Mallorca","esLa Liga","21","2000","2","2","180","2.0","5","2.50","14","10","71.4","0","0","2","0","0.0","1","1","0","0","0.0",
"Sergio Romero","arARG","GK","Venezia","itSerie A","34","1987","16","16","1,440","16.0","33","2.06","105","74","74.3","3","4","9","3","18.8","6","6","0","0","0.0",
"Francesco Rossi","itITA","GK","Atalanta","itSerie A","30","1991","1","0","37","0.4","1","2.43","2","1","50.0","0","0","0","0","","0","0","0","0","",
"John Ruddy","engENG","GK","Wolves","engPremier League","34","1986","2","1","135","1.5","3","2.00","7","4","57.1","0","1","0","0","0.0","0","0","0","0","",
"Gerónimo Rulli","arARG","GK","Villarreal","esLa Liga","29","1992","32","32","2,880","32.0","28","0.87","100","72","75.0","14","9","9","14","43.8","4","3","1","0","25.0",
"Mathew Ryan","auAUS","GK","Real Sociedad","esLa Liga","29","1992","3","3","270","3.0","5","1.67","15","10","73.3","2","0","1","1","33.3","1","1","0","0","0.0",
"Frederik Rønnow","dkDEN","GK","Union Berlin","deBundesliga","28","1992","7","7","630","7.0","5","0.71","18","14","72.2","5","2","0","2","28.6","0","0","0","0","",
"José Sá","ptPOR","GK","Wolves","engPremier League","28","1993","37","37","3,285","36.5","40","1.10","160","121","80.6","15","5","17","11","29.7","10","9","0","1","0.0",
"Romain Salin","frFRA","GK","Rennes","frLigue 1","37","1984","1","1","90","1.0","2","2.00","3","1","33.3","0","0","1","0","0.0","0","0","0","0","",
"Robert Sánchez","esESP","GK","Brighton","engPremier League","23","1997","37","37","3,329","37.0","42","1.14","141","99","72.3","12","15","10","11","29.7","4","3","0","1","0.0",
"Giacomo Satalino","itITA","GK","Sassuolo","itSerie A","22","1999","1","0","8","0.1","0","0.00","1","1","100.0","0","0","0","0","","0","0","0","0","",
"Kasper Schmeichel","dkDEN","GK","Leicester City","engPremier League","34","1986","37","37","3,330","37.0","58","1.57","187","128","72.7","13","10","14","7","18.9","9","7","2","0","22.2",
"Marvin Schwäbe","deGER","GK","Köln","deBundesliga","26","1995","21","21","1,890","21.0","28","1.33","98","70","71.4","10","4","7","3","14.3","1","0","1","0","100.0",
"Alexander Schwolow","deGER","GK","Hertha BSC","deBundesliga","29","1992","25","25","2,175","24.2","51","2.11","123","72","62.6","7","5","13","4","16.0","5","5","0","0","0.0",
"Matz Sels","beBEL","GK","Strasbourg","frLigue 1","29","1992","37","37","3,330","37.0","43","1.16","130","88","70.0","16","12","9","13","35.1","4","4","0","0","0.0",
"Adrian Šemper","hrCRO","GK","Genoa","itSerie A","23","1998","1","1","90","1.0","1","1.00","4","3","75.0","0","0","1","0","0.0","0","0","0","0","",
"Luigi Sepe","itITA","GK","Salernitana","itSerie A","30","1991","16","16","1,392","15.5","24","1.55","78","54","73.1","4","8","4","1","6.3","3","3","0","0","0.0",
"Rui Silva","ptPOR","GK","Betis","esLa Liga","27","1994","22","21","1,964","21.8","21","0.96","76","55","75.0","11","4","6","8","38.1","2","2","0","0","0.0",
"Marco Silvestri","itITA","GK","Udinese","itSerie A","30","1991","35","35","3,150","35.0","50","1.43","141","92","68.1","10","14","11","7","20.0","7","5","0","2","0.0",
"Unai Simón","esESP","GK","Athletic Club","esLa Liga","24","1997","34","34","3,060","34.0","31","0.91","111","81","74.8","13","11","10","12","35.3","3","3","0","0","0.0",
"Tobias Sippel","deGER","GK","Gladbach","deBundesliga","33","1988","1","1","90","1.0","1","1.00","3","2","66.7","0","1","0","0","0.0","0","0","0","0","",
"Salvatore Sirigu","itITA","GK","Genoa","itSerie A","34","1987","37","37","3,330","37.0","59","1.59","180","122","69.4","4","16","17","10","27.0","5","4","1","0","20.0",
"Antonio Sivera","esESP","GK","Alavés","esLa Liga","24","1996","4","3","277","3.1","4","1.30","16","12","81.3","0","1","2","1","33.3","1","1","0","0","0.0",
"Łukasz Skorupski","plPOL","GK","Bologna","itSerie A","30","1991","36","36","3,240","36.0","53","1.47","174","122","74.1","11","9","16","12","33.3","9","8","1","0","11.1",
"Yann Sommer","chSUI","GK","Gladbach","deBundesliga","32","1988","33","33","2,970","33.0","60","1.82","182","120","68.7","12","8","13","5","15.2","5","3","2","0","40.0",
"David Soria","esESP","GK","Getafe","esLa Liga","28","1993","38","38","3,414","37.9","41","1.08","132","91","70.5","8","15","15","13","34.2","4","2","1","1","33.3",
"Marco Sportiello","itITA","GK","Atalanta","itSerie A","29","1992","5","5","450","5.0","5","1.00","18","13","83.3","0","3","2","2","40.0","2","2","0","0","0.0",
"Jason Steele","engENG","GK","Brighton","engPremier League","30","1990","1","1","90","1.0","2","2.00","5","3","60.0","0","0","1","0","0.0","0","0","0","0","",
"Jed Steer","engENG","GK","Aston Villa","engPremier League","28","1992","1","1","90","1.0","3","3.00","4","1","25.0","0","0","1","0","0.0","0","0","0","0","",
"Zack Steffen","usUSA","GK","Manchester City","engPremier League","26","1995","1","1","90","1.0","0","0.00","2","2","100.0","1","0","0","1","100.0","0","0","0","0","",
"Thomas Strakosha","alALB","GK","Lazio","itSerie A","26","1995","23","23","2,070","23.0","29","1.26","86","58","67.4","12","6","5","7","30.4","1","1","0","0","0.0",
"Wojciech Szczęsny","plPOL","GK","Juventus","itSerie A","31","1990","33","33","2,970","33.0","29","0.88","105","73","75.2","18","9","6","12","36.4","6","3","3","0","50.0",
"Ciprian Tătărușanu","roROU","GK","Milan","itSerie A","35","1986","6","6","540","6.0","10","1.67","24","14","66.7","4","1","1","1","16.7","3","2","1","0","33.3",
"Marc-André ter Stegen","deGER","GK","Barcelona","esLa Liga","29","1992","35","35","3,150","35.0","34","0.97","109","74","70.6","19","9","7","11","31.4","3","2","1","0","33.3",
"Pietro Terracciano","itITA","GK","Fiorentina","itSerie A","31","1990","32","31","2,862","31.8","43","1.35","100","58","59.0","16","5","10","9","29.0","3","2","1","0","33.3",
"Kevin Trapp","deGER","GK","Eint Frankfurt","deBundesliga","31","1990","32","32","2,880","32.0","46","1.44","157","112","73.2","10","11","11","5","15.6","4","4","0","0","0.0",
"Philipp Tschauner","deGER","GK","RB Leipzig","deBundesliga","35","1985","1","0","3","0.0","0","0.00","0","0","","0","0","0","1","","0","0","0","0","",
"Sven Ulreich","deGER","GK","Bayern Munich","deBundesliga","32","1988","6","6","540","6.0","11","1.83","23","13","56.5","2","1","3","1","16.7","1","1","0","0","0.0",
"Benjamin Uphoff","deGER","GK","Freiburg","deBundesliga","27","1993","2","2","180","2.0","7","3.50","12","5","41.7","0","1","1","0","0.0","0","0","0","0","",
"Rúben Vezo","ptPOR","DF","Levante","esLa Liga","27","1994","1","1","4","26.9","0","0.00","0","0","","0","0","0","0","0.0","0","0","0","0","",
"Guglielmo Vicario","itITA","GK","Empoli","itSerie A","24","1996","38","38","3,420","38.0","70","1.84","216","150","69.9","10","11","17","7","18.4","10","5","2","3","28.6",
"Danny Ward","wlsWAL","GK","Leicester City","engPremier League","28","1993","1","1","90","1.0","1","1.00","5","4","80.0","1","0","0","0","0.0","0","0","0","0","",
"Freddie Woodman","engENG","GK","Newcastle Utd","engPremier League","24","1997","4","4","360","4.0","12","3.00","22","9","54.5","0","1","3","0","0.0","3","2","1","0","33.3",
"Robin Zentner","deGER","GK","Mainz 05","deBundesliga","26","1994","32","32","2,880","32.0","42","1.31","120","78","68.3","12","6","14","10","31.3","5","4","1","0","20.0",
"Luca Zidane","dzALG","GK","Rayo Vallecano","esLa Liga","23","1998","8","8","645","7.2","13","1.81","37","24","64.9","0","1","7","0","0.0","0","0","0","0","",
"Jeroen Zoet","nlNED","GK","Spezia","itSerie A","30","1991","7","7","630","7.0","19","2.71","43","23","58.1","1","1","5","0","0.0","2","1","1","0","50.0",
"Petar Zovko","baBIH","GK","Spezia","itSerie A","19","2002","1","0","29","0.3","0","0.00","0","0","","0","0","0","0","","0","0","0","0","",
